Test,Specification,Var,Coef,SE,t,p,N,F_first
Reduced-form,RF_FirmYear,IV1,-3.3477499454588905e-05,1.3061275107608922e-05,-2.5631111188437026,0.01055387842858524,38598,
Reduced-form,RF_FirmIndYear,IV1,-2.191715203866838e-05,9.02093828662417e-06,-2.4295867394599204,0.015348255568528701,38545,
ReverseTemporal_Placebo,OLS_lead2,DU_kw_lead2,-0.003309561421634973,0.0008132704703526932,-4.069447425282399,5.1763101434509906e-05,28865,
ReverseTemporal_Benchmark,OLS_actual_samesample,DU_kw,-0.004665640436399638,0.0010868972136709645,-4.292623421713973,1.980595822970166e-05,28865,
PrePeriod_Pre ,ReducedForm,IV1,1.4601382000758155e-06,3.03093002379956e-05,0.04817459290087446,0.9616043426452539,10570,2.682488686866544
PrePeriod_Post,ReducedForm,IV1,-5.826803225004386e-06,2.3816485082249685e-05,-0.24465420505509755,0.806834724841081,27874,34.79526372139102
ProvControls,OLS_prov,DU_kw,-0.0035602992203760155,0.0014711613749063693,-2.420060287813502,0.015758141410774362,36742,
ProvControls,2SLS_IV1_prov,DU_kw,-0.023052472885849527,0.021085493945081336,-1.0932858839300292,0.27462454726234653,36742,34.44535432530051
