Outcome,Var,FE,Coef,t,p,Sig,N
FinAsset,DU_kw,Firm+Year,0.0011859169426802856,2.704718923613192,0.006980092827835849,***,38614
DataAsset,DU_kw,Firm+Year,0.0,,,,38614
Analyst,DU_kw,Firm+Year,0.036335201715069605,3.9400999930372724,8.84910686422824e-05,***,38614
InstHold,DU_kw,Firm+Year,-0.2344403374941575,-2.727992534426379,0.00651042746708641,***,38614
