Model,FE,Var,Coef,t,p,N
(1),Firm+Year,DU_kw,-0.004894023182074553,-3.084461637465025,0.0021086349217220857,38614
(2),Firm+Year,DU_kw,-0.0036374737488296324,-2.565836649617236,0.010471993663675017,38614
(3),Firm+Year,DU_kw_ln,-0.0032147162551978197,-3.1319793078918,0.0017988912456967654,38614
(4),Firm+Year,DU_sub_ln,-0.0022275673061961467,-2.640625726279963,0.008435054988813695,38614
(5),Ind+Year,DU_kw,-0.0018985742551802618,-3.21308251251422,0.0013653759991112402,29968
(6),Ind+Year,DU_kw_ln,-0.0022012652468893106,-3.098907069556496,0.002009813607274147,29968
DID,Firm+Year,TreatPost,0.00750207824124495,1.377602023017104,0.17031203797145333,16005
