Model,DepVar,Key_Var,Coef,SE,t,p,N,R2_within,FE
(1) FirmYr FE only,PriceDelay,DataUsage,-2.360596952212741e-06,3.9706484393945665e-05,-0.05945116995985367,0.9526450617764426,9705,7.79681875062721e-07,Firm+Year
(2) FirmYr FE + Ctrl,PriceDelay,DataUsage,-2.2082657700086016e-05,3.870503582749988e-05,-0.570537069091054,0.5688778003889823,9705,0.027401309354599057,Firm+Year
(3) IndYr FE + Ctrl,PriceDelay,DataUsage,-9.276862871506337e-06,9.431544578179092e-06,-0.9835995360685005,0.3263596388499619,10009,0.0553188557291272,Industry+Year
(4) Mech: FinAsset,FinAsset,DataUsage,1.2738574187355557e-07,9.08505482610755e-06,0.014021460994103148,0.9888251747525931,10009,0.07926426309252521,Industry+Year
(5) Mech: Analyst,Analyst,DataUsage,0.0007780133896533144,0.00013520744260943254,5.754220142309219,2.8008991792560778e-08,10009,0.5069437537554,Industry+Year
(6) Mech: InstHold,InstHold,DataUsage,-0.005661303832731377,0.0013538356873844068,-4.181677204616273,4.134153427326481e-05,10009,0.40686810798262485,Industry+Year
