feature,mean_abs_shap,mean_shap,label
kw_data_dev_p10k,0.004357629146693559,0.000608657985369959,数据开发能力
kw_data_app_p10k,0.004188761393521217,-0.0010284500146515157,数据驱动应用
kw_data_stock_p10k,0.0040713602832735465,-0.00047873359955883624,数据存量
kw_data_gov_p10k,0.002175650509482017,-0.0005911309364709391,数据治理
kw_data_value_p10k,0.0012331100144752916,0.0006120902759845209,数据价值变现
