feature,label,mean_rank,std_rank,top1_share,top2_share,mean_abs_shap
kw_data_dev_p10k,数据开发能力,1.385,0.6153603348514939,0.685,0.93,0.006089834022047151
kw_data_app_p10k,数据驱动应用,2.22,0.7170570788098793,0.17,0.61,0.005598686441764272
kw_data_stock_p10k,数据存量,2.395,0.7291317890677557,0.145,0.46,0.00545976194169442
kw_data_gov_p10k,数据治理,4.055,0.22855235921889455,0.0,0.0,0.002556460049678908
kw_data_value_p10k,数据价值变现,4.945,0.22855235921889455,0.0,0.0,0.0016924462650722166
