scenario,delta_delay_component,pct_of_delay_mean
P25_to_P75,0.00011970143728093623,0.10038131888994556
plus_1sd_capped,0.004435375499676753,3.7194945402765973
